candidate_attempt_quota,entity_type,breached,stopped_run,technique_id,run_id
3,renderer,False,False,,sweep_starv_q3_1780462736
3,renderer,False,False,,sweep_starv_q3_1780462736
3,renderer,False,False,,sweep_starv_q3_1780462736
3,renderer,False,False,,sweep_starv_q3_1780462736
3,renderer,False,False,,sweep_starv_q3_1780462736
3,coj,True,False,,sweep_starv_q3_1780462736
3,coj,True,False,,sweep_starv_q3_1780462736
3,coj,True,False,,sweep_starv_q3_1780462736
3,structured,False,False,,sweep_starv_q3_1780462736
3,structured,True,False,,sweep_starv_q3_1780462736
3,structured,False,False,,sweep_starv_q3_1780462736
3,structured,False,False,,sweep_starv_q3_1780462736
3,renderer,False,False,,sweep_starv_q3_1780462736
3,renderer,False,False,,sweep_starv_q3_1780462736
3,renderer,False,False,,sweep_starv_q3_1780462736
3,base,False,False,,sweep_starv_q3_1780462736
3,base,False,False,,sweep_starv_q3_1780462736
3,base,False,False,,sweep_starv_q3_1780462736
3,meta,True,False,,sweep_starv_q3_1780462736
3,meta,False,False,,sweep_starv_q3_1780462736
3,meta,False,False,,sweep_starv_q3_1780462736
3,meta,True,False,,sweep_starv_q3_1780462736
3,meta,False,False,,sweep_starv_q3_1780462736
3,meta,False,False,,sweep_starv_q3_1780462736
3,meta,False,False,,sweep_starv_q3_1780462736
3,candidate,False,False,01KT3ARPK78Y0NRBDKAC3ZG0TS,sweep_starv_q3_1780462736
3,candidate,False,False,01KT3AT601W2CBWRT2Y6SHV55B,sweep_starv_q3_1780462736
3,candidate,False,False,01KT3AVNWV44GVWHN43JDRY77M,sweep_starv_q3_1780462736
3,renderer,False,False,,sweep_starv_q3_1780462736
3,renderer,False,False,,sweep_starv_q3_1780462736
3,renderer,False,False,,sweep_starv_q3_1780462736
3,renderer,False,False,,sweep_starv_q3_1780462736
3,renderer,False,False,,sweep_starv_q3_1780462736
3,coj,False,False,,sweep_starv_q3_1780462736
3,coj,False,False,,sweep_starv_q3_1780462736
3,coj,False,False,,sweep_starv_q3_1780462736
3,structured,False,False,,sweep_starv_q3_1780462736
3,structured,False,False,,sweep_starv_q3_1780462736
3,structured,False,False,,sweep_starv_q3_1780462736
3,structured,False,False,,sweep_starv_q3_1780462736
3,renderer,False,False,,sweep_starv_q3_1780462736
3,renderer,False,False,,sweep_starv_q3_1780462736
3,renderer,False,False,,sweep_starv_q3_1780462736
3,base,False,False,,sweep_starv_q3_1780462736
3,base,False,False,,sweep_starv_q3_1780462736
3,base,False,False,,sweep_starv_q3_1780462736
3,meta,False,False,,sweep_starv_q3_1780462736
3,meta,False,False,,sweep_starv_q3_1780462736
3,meta,False,False,,sweep_starv_q3_1780462736
3,meta,False,False,,sweep_starv_q3_1780462736
3,meta,False,False,,sweep_starv_q3_1780462736
3,meta,False,False,,sweep_starv_q3_1780462736
3,meta,False,False,,sweep_starv_q3_1780462736
3,candidate,False,False,01KT3ARPK78Y0NRBDKAC3ZG0TS,sweep_starv_q3_1780462736
3,candidate,True,False,01KT3AT601W2CBWRT2Y6SHV55B,sweep_starv_q3_1780462736
3,candidate,False,False,01KT3AVNWV44GVWHN43JDRY77M,sweep_starv_q3_1780462736
3,renderer,True,False,,sweep_starv_q3_1780462736
3,renderer,True,False,,sweep_starv_q3_1780462736
3,renderer,False,False,,sweep_starv_q3_1780462736
3,renderer,True,False,,sweep_starv_q3_1780462736
3,renderer,False,False,,sweep_starv_q3_1780462736
3,coj,True,False,,sweep_starv_q3_1780462736
3,coj,False,False,,sweep_starv_q3_1780462736
3,coj,False,False,,sweep_starv_q3_1780462736
3,structured,False,False,,sweep_starv_q3_1780462736
3,structured,False,False,,sweep_starv_q3_1780462736
3,structured,False,False,,sweep_starv_q3_1780462736
3,structured,False,False,,sweep_starv_q3_1780462736
3,renderer,True,False,,sweep_starv_q3_1780462736
3,renderer,False,False,,sweep_starv_q3_1780462736
3,renderer,False,False,,sweep_starv_q3_1780462736
3,base,False,False,,sweep_starv_q3_1780462736
3,base,True,False,,sweep_starv_q3_1780462736
3,base,True,False,,sweep_starv_q3_1780462736
3,meta,True,False,,sweep_starv_q3_1780462736
3,meta,False,False,,sweep_starv_q3_1780462736
3,meta,True,False,,sweep_starv_q3_1780462736
3,meta,True,False,,sweep_starv_q3_1780462736
3,meta,False,False,,sweep_starv_q3_1780462736
3,meta,True,False,,sweep_starv_q3_1780462736
3,meta,True,False,,sweep_starv_q3_1780462736
3,candidate,False,False,01KT3ARPK78Y0NRBDKAC3ZG0TS,sweep_starv_q3_1780462736
3,candidate,True,False,01KT3AT601W2CBWRT2Y6SHV55B,sweep_starv_q3_1780462736
3,candidate,True,False,01KT3AVNWV44GVWHN43JDRY77M,sweep_starv_q3_1780462736
3,renderer,True,False,,sweep_starv_q3_1780462736
3,renderer,True,False,,sweep_starv_q3_1780462736
3,renderer,False,False,,sweep_starv_q3_1780462736
3,renderer,False,False,,sweep_starv_q3_1780462736
3,renderer,False,False,,sweep_starv_q3_1780462736
3,coj,False,False,,sweep_starv_q3_1780462736
3,coj,False,False,,sweep_starv_q3_1780462736
3,coj,False,False,,sweep_starv_q3_1780462736
3,structured,True,False,,sweep_starv_q3_1780462736
3,structured,False,False,,sweep_starv_q3_1780462736
3,structured,True,False,,sweep_starv_q3_1780462736
3,structured,False,False,,sweep_starv_q3_1780462736
3,renderer,False,False,,sweep_starv_q3_1780462736
3,renderer,False,False,,sweep_starv_q3_1780462736
3,renderer,False,False,,sweep_starv_q3_1780462736
3,base,True,False,,sweep_starv_q3_1780462736
3,base,True,False,,sweep_starv_q3_1780462736
3,base,True,False,,sweep_starv_q3_1780462736
3,meta,True,False,,sweep_starv_q3_1780462736
3,meta,False,False,,sweep_starv_q3_1780462736
3,meta,False,False,,sweep_starv_q3_1780462736
3,meta,False,False,,sweep_starv_q3_1780462736
3,meta,True,False,,sweep_starv_q3_1780462736
3,meta,True,False,,sweep_starv_q3_1780462736
3,meta,False,False,,sweep_starv_q3_1780462736
3,candidate,True,False,01KT3ARPK78Y0NRBDKAC3ZG0TS,sweep_starv_q3_1780462736
3,candidate,False,False,01KT3AT601W2CBWRT2Y6SHV55B,sweep_starv_q3_1780462736
3,candidate,True,False,01KT3AVNWV44GVWHN43JDRY77M,sweep_starv_q3_1780462736
3,renderer,False,False,,sweep_starv_q3_1780462736
3,renderer,True,False,,sweep_starv_q3_1780462736
3,renderer,False,False,,sweep_starv_q3_1780462736
3,renderer,False,False,,sweep_starv_q3_1780462736
3,renderer,False,False,,sweep_starv_q3_1780462736
3,coj,True,False,,sweep_starv_q3_1780462736
3,coj,False,False,,sweep_starv_q3_1780462736
3,coj,False,False,,sweep_starv_q3_1780462736
3,structured,True,False,,sweep_starv_q3_1780462736
3,structured,False,False,,sweep_starv_q3_1780462736
3,structured,False,False,,sweep_starv_q3_1780462736
3,structured,False,False,,sweep_starv_q3_1780462736
3,renderer,False,False,,sweep_starv_q3_1780462736
3,renderer,False,False,,sweep_starv_q3_1780462736
3,renderer,False,False,,sweep_starv_q3_1780462736
3,base,True,False,,sweep_starv_q3_1780462736
3,base,False,False,,sweep_starv_q3_1780462736
3,base,False,False,,sweep_starv_q3_1780462736
3,meta,True,False,,sweep_starv_q3_1780462736
3,meta,False,False,,sweep_starv_q3_1780462736
3,meta,True,False,,sweep_starv_q3_1780462736
3,meta,False,False,,sweep_starv_q3_1780462736
3,meta,False,False,,sweep_starv_q3_1780462736
3,meta,False,False,,sweep_starv_q3_1780462736
3,meta,True,False,,sweep_starv_q3_1780462736
3,candidate,False,False,01KT3ARPK78Y0NRBDKAC3ZG0TS,sweep_starv_q3_1780462736
3,candidate,False,False,01KT3AT601W2CBWRT2Y6SHV55B,sweep_starv_q3_1780462736
3,candidate,False,False,01KT3AVNWV44GVWHN43JDRY77M,sweep_starv_q3_1780462736
3,renderer,True,False,,sweep_starv_q3_1780462736
3,renderer,True,False,,sweep_starv_q3_1780462736
3,renderer,True,False,,sweep_starv_q3_1780462736
3,renderer,True,False,,sweep_starv_q3_1780462736
3,renderer,True,False,,sweep_starv_q3_1780462736
3,coj,True,False,,sweep_starv_q3_1780462736
3,coj,False,False,,sweep_starv_q3_1780462736
3,coj,True,False,,sweep_starv_q3_1780462736
3,structured,True,False,,sweep_starv_q3_1780462736
3,structured,True,False,,sweep_starv_q3_1780462736
3,structured,True,False,,sweep_starv_q3_1780462736
3,structured,False,False,,sweep_starv_q3_1780462736
3,renderer,False,False,,sweep_starv_q3_1780462736
3,renderer,False,False,,sweep_starv_q3_1780462736
3,renderer,True,False,,sweep_starv_q3_1780462736
3,base,False,False,,sweep_starv_q3_1780462736
3,base,True,False,,sweep_starv_q3_1780462736
3,base,True,False,,sweep_starv_q3_1780462736
3,meta,True,False,,sweep_starv_q3_1780462736
3,meta,False,False,,sweep_starv_q3_1780462736
3,meta,True,False,,sweep_starv_q3_1780462736
3,meta,False,False,,sweep_starv_q3_1780462736
3,meta,True,False,,sweep_starv_q3_1780462736
3,meta,False,False,,sweep_starv_q3_1780462736
3,meta,False,False,,sweep_starv_q3_1780462736
3,candidate,True,False,01KT3ARPK78Y0NRBDKAC3ZG0TS,sweep_starv_q3_1780462736
3,candidate,False,False,01KT3AT601W2CBWRT2Y6SHV55B,sweep_starv_q3_1780462736
3,candidate,False,False,01KT3AVNWV44GVWHN43JDRY77M,sweep_starv_q3_1780462736
3,renderer,False,False,,sweep_starv_q3_1780462736
3,renderer,True,False,,sweep_starv_q3_1780462736
3,renderer,False,False,,sweep_starv_q3_1780462736
3,renderer,True,False,,sweep_starv_q3_1780462736
3,renderer,False,False,,sweep_starv_q3_1780462736
3,coj,True,False,,sweep_starv_q3_1780462736
3,coj,False,False,,sweep_starv_q3_1780462736
3,coj,False,False,,sweep_starv_q3_1780462736
3,structured,False,False,,sweep_starv_q3_1780462736
3,structured,True,False,,sweep_starv_q3_1780462736
3,structured,False,False,,sweep_starv_q3_1780462736
3,structured,False,False,,sweep_starv_q3_1780462736
3,renderer,False,False,,sweep_starv_q3_1780462736
3,renderer,False,False,,sweep_starv_q3_1780462736
3,renderer,False,False,,sweep_starv_q3_1780462736
3,base,False,False,,sweep_starv_q3_1780462736
3,base,False,False,,sweep_starv_q3_1780462736
3,base,False,False,,sweep_starv_q3_1780462736
3,meta,True,False,,sweep_starv_q3_1780462736
3,meta,False,False,,sweep_starv_q3_1780462736
3,meta,False,False,,sweep_starv_q3_1780462736
3,meta,False,False,,sweep_starv_q3_1780462736
3,meta,False,False,,sweep_starv_q3_1780462736
3,meta,False,False,,sweep_starv_q3_1780462736
3,meta,False,False,,sweep_starv_q3_1780462736
3,candidate,False,False,01KT3ARPK78Y0NRBDKAC3ZG0TS,sweep_starv_q3_1780462736
3,candidate,True,False,01KT3AT601W2CBWRT2Y6SHV55B,sweep_starv_q3_1780462736
3,candidate,False,False,01KT3AVNWV44GVWHN43JDRY77M,sweep_starv_q3_1780462736
3,renderer,True,False,,sweep_starv_q3_1780462736
3,renderer,True,False,,sweep_starv_q3_1780462736
3,renderer,True,False,,sweep_starv_q3_1780462736
3,renderer,True,False,,sweep_starv_q3_1780462736
3,renderer,False,False,,sweep_starv_q3_1780462736
3,coj,True,False,,sweep_starv_q3_1780462736
3,coj,False,False,,sweep_starv_q3_1780462736
3,coj,True,False,,sweep_starv_q3_1780462736
3,structured,True,False,,sweep_starv_q3_1780462736
3,structured,False,False,,sweep_starv_q3_1780462736
3,structured,False,False,,sweep_starv_q3_1780462736
3,structured,False,False,,sweep_starv_q3_1780462736
3,renderer,False,False,,sweep_starv_q3_1780462736
3,renderer,False,False,,sweep_starv_q3_1780462736
3,renderer,True,False,,sweep_starv_q3_1780462736
3,base,False,False,,sweep_starv_q3_1780462736
3,base,False,False,,sweep_starv_q3_1780462736
3,base,False,False,,sweep_starv_q3_1780462736
3,meta,True,False,,sweep_starv_q3_1780462736
3,meta,False,False,,sweep_starv_q3_1780462736
3,meta,False,False,,sweep_starv_q3_1780462736
3,meta,True,False,,sweep_starv_q3_1780462736
3,meta,False,False,,sweep_starv_q3_1780462736
3,meta,False,False,,sweep_starv_q3_1780462736
3,meta,False,False,,sweep_starv_q3_1780462736
3,candidate,False,False,01KT3ARPK78Y0NRBDKAC3ZG0TS,sweep_starv_q3_1780462736
3,candidate,True,False,01KT3AT601W2CBWRT2Y6SHV55B,sweep_starv_q3_1780462736
3,candidate,True,False,01KT3AVNWV44GVWHN43JDRY77M,sweep_starv_q3_1780462736
3,renderer,False,False,,sweep_starv_q3_1780462736
3,renderer,True,False,,sweep_starv_q3_1780462736
3,renderer,False,False,,sweep_starv_q3_1780462736
3,renderer,False,False,,sweep_starv_q3_1780462736
3,renderer,False,False,,sweep_starv_q3_1780462736
3,coj,False,False,,sweep_starv_q3_1780462736
3,coj,False,False,,sweep_starv_q3_1780462736
3,coj,False,False,,sweep_starv_q3_1780462736
3,structured,False,False,,sweep_starv_q3_1780462736
3,structured,False,False,,sweep_starv_q3_1780462736
3,structured,False,False,,sweep_starv_q3_1780462736
3,structured,False,False,,sweep_starv_q3_1780462736
3,renderer,False,False,,sweep_starv_q3_1780462736
3,renderer,False,False,,sweep_starv_q3_1780462736
3,renderer,False,False,,sweep_starv_q3_1780462736
3,base,False,False,,sweep_starv_q3_1780462736
3,base,False,False,,sweep_starv_q3_1780462736
3,base,False,False,,sweep_starv_q3_1780462736
3,meta,False,False,,sweep_starv_q3_1780462736
3,meta,False,False,,sweep_starv_q3_1780462736
3,meta,False,False,,sweep_starv_q3_1780462736
3,meta,False,False,,sweep_starv_q3_1780462736
3,meta,False,False,,sweep_starv_q3_1780462736
3,meta,False,False,,sweep_starv_q3_1780462736
3,meta,False,False,,sweep_starv_q3_1780462736
3,candidate,False,False,01KT3ARPK78Y0NRBDKAC3ZG0TS,sweep_starv_q3_1780462736
3,candidate,False,False,01KT3AT601W2CBWRT2Y6SHV55B,sweep_starv_q3_1780462736
3,candidate,False,False,01KT3AVNWV44GVWHN43JDRY77M,sweep_starv_q3_1780462736
3,renderer,False,False,,sweep_starv_q3_1780462736
3,renderer,True,False,,sweep_starv_q3_1780462736
3,renderer,False,False,,sweep_starv_q3_1780462736
3,renderer,False,False,,sweep_starv_q3_1780462736
3,renderer,False,False,,sweep_starv_q3_1780462736
3,coj,False,False,,sweep_starv_q3_1780462736
3,coj,False,False,,sweep_starv_q3_1780462736
3,coj,False,False,,sweep_starv_q3_1780462736
3,structured,True,False,,sweep_starv_q3_1780462736
3,structured,False,False,,sweep_starv_q3_1780462736
3,structured,False,False,,sweep_starv_q3_1780462736
3,structured,False,False,,sweep_starv_q3_1780462736
3,renderer,False,False,,sweep_starv_q3_1780462736
3,renderer,False,False,,sweep_starv_q3_1780462736
3,renderer,False,False,,sweep_starv_q3_1780462736
3,base,False,False,,sweep_starv_q3_1780462736
3,base,False,False,,sweep_starv_q3_1780462736
3,base,False,False,,sweep_starv_q3_1780462736
3,meta,False,False,,sweep_starv_q3_1780462736
3,meta,False,False,,sweep_starv_q3_1780462736
3,meta,True,False,,sweep_starv_q3_1780462736
3,meta,False,False,,sweep_starv_q3_1780462736
3,meta,False,False,,sweep_starv_q3_1780462736
3,meta,False,False,,sweep_starv_q3_1780462736
3,meta,False,False,,sweep_starv_q3_1780462736
3,candidate,False,False,01KT3ARPK78Y0NRBDKAC3ZG0TS,sweep_starv_q3_1780462736
5,renderer,False,False,,sweep_K5_q5_1780477935
5,renderer,False,False,,sweep_K5_q5_1780477935
5,renderer,False,False,,sweep_K5_q5_1780477935
5,renderer,False,False,,sweep_K5_q5_1780477935
5,renderer,False,False,,sweep_K5_q5_1780477935
5,coj,False,False,,sweep_K5_q5_1780477935
5,coj,False,False,,sweep_K5_q5_1780477935
5,coj,False,False,,sweep_K5_q5_1780477935
5,structured,False,False,,sweep_K5_q5_1780477935
5,structured,False,False,,sweep_K5_q5_1780477935
5,structured,False,False,,sweep_K5_q5_1780477935
5,structured,False,False,,sweep_K5_q5_1780477935
5,renderer,False,False,,sweep_K5_q5_1780477935
5,renderer,False,False,,sweep_K5_q5_1780477935
5,renderer,False,False,,sweep_K5_q5_1780477935
5,base,False,False,,sweep_K5_q5_1780477935
5,base,False,False,,sweep_K5_q5_1780477935
5,base,False,False,,sweep_K5_q5_1780477935
5,meta,True,False,,sweep_K5_q5_1780477935
5,meta,False,False,,sweep_K5_q5_1780477935
5,meta,False,False,,sweep_K5_q5_1780477935
5,meta,False,False,,sweep_K5_q5_1780477935
5,meta,True,False,,sweep_K5_q5_1780477935
5,meta,False,False,,sweep_K5_q5_1780477935
5,meta,False,False,,sweep_K5_q5_1780477935
5,meta,False,False,,sweep_K5_q5_1780477935
5,meta,False,False,,sweep_K5_q5_1780477935
5,meta,False,False,,sweep_K5_q5_1780477935
5,candidate,False,False,01KT3AW1WVBAPQWZ8RNMNWASRT,sweep_K5_q5_1780477935
5,candidate,False,False,01KT3AW4SNXHY10N7MDWBJR4J3,sweep_K5_q5_1780477935
5,candidate,False,False,01KT39RH9SCFEQRMZCEAVQZNMB,sweep_K5_q5_1780477935
5,candidate,False,False,01KT39RPP3GQ6BVC64VJ4F12RA,sweep_K5_q5_1780477935
5,candidate,True,False,01KT39S5FPWYE793P31NA8GPMK,sweep_K5_q5_1780477935
5,renderer,True,False,,sweep_K5_q5_1780477935
5,renderer,True,False,,sweep_K5_q5_1780477935
5,renderer,False,False,,sweep_K5_q5_1780477935
5,renderer,False,False,,sweep_K5_q5_1780477935
5,renderer,False,False,,sweep_K5_q5_1780477935
5,coj,False,False,,sweep_K5_q5_1780477935
5,coj,False,False,,sweep_K5_q5_1780477935
5,coj,False,False,,sweep_K5_q5_1780477935
5,structured,False,False,,sweep_K5_q5_1780477935
5,structured,False,False,,sweep_K5_q5_1780477935
5,structured,False,False,,sweep_K5_q5_1780477935
5,structured,True,False,,sweep_K5_q5_1780477935
5,renderer,False,False,,sweep_K5_q5_1780477935
5,renderer,False,False,,sweep_K5_q5_1780477935
5,renderer,False,False,,sweep_K5_q5_1780477935
5,base,True,False,,sweep_K5_q5_1780477935
5,base,True,False,,sweep_K5_q5_1780477935
5,base,False,False,,sweep_K5_q5_1780477935
5,meta,False,False,,sweep_K5_q5_1780477935
5,meta,False,False,,sweep_K5_q5_1780477935
5,meta,True,False,,sweep_K5_q5_1780477935
5,meta,False,False,,sweep_K5_q5_1780477935
5,meta,False,False,,sweep_K5_q5_1780477935
5,meta,False,False,,sweep_K5_q5_1780477935
5,meta,True,False,,sweep_K5_q5_1780477935
5,meta,False,False,,sweep_K5_q5_1780477935
5,meta,False,False,,sweep_K5_q5_1780477935
5,meta,True,False,,sweep_K5_q5_1780477935
5,candidate,True,False,01KT3AW1WVBAPQWZ8RNMNWASRT,sweep_K5_q5_1780477935
5,candidate,False,False,01KT3AW4SNXHY10N7MDWBJR4J3,sweep_K5_q5_1780477935
5,candidate,True,False,01KT39RH9SCFEQRMZCEAVQZNMB,sweep_K5_q5_1780477935
5,candidate,False,False,01KT39RPP3GQ6BVC64VJ4F12RA,sweep_K5_q5_1780477935
5,candidate,True,False,01KT39S5FPWYE793P31NA8GPMK,sweep_K5_q5_1780477935
5,renderer,True,False,,sweep_K5_q5_1780477935
5,renderer,False,False,,sweep_K5_q5_1780477935
5,renderer,False,False,,sweep_K5_q5_1780477935
5,renderer,False,False,,sweep_K5_q5_1780477935
5,renderer,False,False,,sweep_K5_q5_1780477935
5,coj,False,False,,sweep_K5_q5_1780477935
5,coj,False,False,,sweep_K5_q5_1780477935
5,coj,False,False,,sweep_K5_q5_1780477935
5,structured,False,False,,sweep_K5_q5_1780477935
5,structured,False,False,,sweep_K5_q5_1780477935
5,structured,False,False,,sweep_K5_q5_1780477935
5,structured,False,False,,sweep_K5_q5_1780477935
5,renderer,False,False,,sweep_K5_q5_1780477935
5,renderer,False,False,,sweep_K5_q5_1780477935
5,renderer,False,False,,sweep_K5_q5_1780477935
5,base,False,False,,sweep_K5_q5_1780477935
5,base,False,False,,sweep_K5_q5_1780477935
5,base,False,False,,sweep_K5_q5_1780477935
5,meta,False,False,,sweep_K5_q5_1780477935
5,meta,False,False,,sweep_K5_q5_1780477935
5,meta,False,False,,sweep_K5_q5_1780477935
5,meta,False,False,,sweep_K5_q5_1780477935
5,meta,True,False,,sweep_K5_q5_1780477935
5,meta,False,False,,sweep_K5_q5_1780477935
5,meta,False,False,,sweep_K5_q5_1780477935
5,meta,False,False,,sweep_K5_q5_1780477935
5,meta,False,False,,sweep_K5_q5_1780477935
5,meta,False,False,,sweep_K5_q5_1780477935
5,candidate,False,False,01KT3AW1WVBAPQWZ8RNMNWASRT,sweep_K5_q5_1780477935
5,candidate,False,False,01KT3AW4SNXHY10N7MDWBJR4J3,sweep_K5_q5_1780477935
5,candidate,False,False,01KT39RH9SCFEQRMZCEAVQZNMB,sweep_K5_q5_1780477935
5,candidate,True,False,01KT39RPP3GQ6BVC64VJ4F12RA,sweep_K5_q5_1780477935
5,candidate,False,False,01KT39S5FPWYE793P31NA8GPMK,sweep_K5_q5_1780477935
5,renderer,True,False,,sweep_K5_q5_1780477935
5,renderer,True,False,,sweep_K5_q5_1780477935
5,renderer,False,False,,sweep_K5_q5_1780477935
5,renderer,False,False,,sweep_K5_q5_1780477935
5,renderer,False,False,,sweep_K5_q5_1780477935
5,coj,False,False,,sweep_K5_q5_1780477935
5,coj,False,False,,sweep_K5_q5_1780477935
5,coj,False,False,,sweep_K5_q5_1780477935
5,structured,True,False,,sweep_K5_q5_1780477935
5,structured,False,False,,sweep_K5_q5_1780477935
5,structured,False,False,,sweep_K5_q5_1780477935
5,structured,True,False,,sweep_K5_q5_1780477935
5,renderer,False,False,,sweep_K5_q5_1780477935
5,renderer,False,False,,sweep_K5_q5_1780477935
5,renderer,False,False,,sweep_K5_q5_1780477935
5,base,True,False,,sweep_K5_q5_1780477935
5,base,True,False,,sweep_K5_q5_1780477935
5,base,True,False,,sweep_K5_q5_1780477935
5,meta,True,False,,sweep_K5_q5_1780477935
5,meta,False,False,,sweep_K5_q5_1780477935
5,meta,True,False,,sweep_K5_q5_1780477935
5,meta,True,False,,sweep_K5_q5_1780477935
5,meta,True,False,,sweep_K5_q5_1780477935
5,meta,True,False,,sweep_K5_q5_1780477935
5,meta,True,False,,sweep_K5_q5_1780477935
5,meta,False,False,,sweep_K5_q5_1780477935
5,meta,True,False,,sweep_K5_q5_1780477935
5,meta,True,False,,sweep_K5_q5_1780477935
5,candidate,False,False,01KT3AW1WVBAPQWZ8RNMNWASRT,sweep_K5_q5_1780477935
5,candidate,False,False,01KT3AW4SNXHY10N7MDWBJR4J3,sweep_K5_q5_1780477935
5,candidate,True,False,01KT39RH9SCFEQRMZCEAVQZNMB,sweep_K5_q5_1780477935
5,candidate,False,False,01KT39RPP3GQ6BVC64VJ4F12RA,sweep_K5_q5_1780477935
5,candidate,False,False,01KT39S5FPWYE793P31NA8GPMK,sweep_K5_q5_1780477935
5,renderer,True,False,,sweep_K5_q5_1780477935
5,renderer,False,False,,sweep_K5_q5_1780477935
5,renderer,False,False,,sweep_K5_q5_1780477935
5,renderer,False,False,,sweep_K5_q5_1780477935
5,renderer,False,False,,sweep_K5_q5_1780477935
5,coj,False,False,,sweep_K5_q5_1780477935
5,coj,False,False,,sweep_K5_q5_1780477935
5,coj,False,False,,sweep_K5_q5_1780477935
5,structured,False,False,,sweep_K5_q5_1780477935
5,structured,False,False,,sweep_K5_q5_1780477935
5,structured,False,False,,sweep_K5_q5_1780477935
5,structured,False,False,,sweep_K5_q5_1780477935
5,renderer,False,False,,sweep_K5_q5_1780477935
5,renderer,False,False,,sweep_K5_q5_1780477935
5,renderer,False,False,,sweep_K5_q5_1780477935
5,base,True,False,,sweep_K5_q5_1780477935
5,base,False,False,,sweep_K5_q5_1780477935
5,base,False,False,,sweep_K5_q5_1780477935
5,meta,False,False,,sweep_K5_q5_1780477935
5,meta,False,False,,sweep_K5_q5_1780477935
5,meta,False,False,,sweep_K5_q5_1780477935
5,meta,False,False,,sweep_K5_q5_1780477935
5,meta,False,False,,sweep_K5_q5_1780477935
5,meta,True,False,,sweep_K5_q5_1780477935
5,meta,False,False,,sweep_K5_q5_1780477935
5,meta,True,False,,sweep_K5_q5_1780477935
5,meta,False,False,,sweep_K5_q5_1780477935
5,meta,False,False,,sweep_K5_q5_1780477935
5,candidate,False,False,01KT3AW1WVBAPQWZ8RNMNWASRT,sweep_K5_q5_1780477935
5,candidate,False,False,01KT3AW4SNXHY10N7MDWBJR4J3,sweep_K5_q5_1780477935
5,candidate,False,False,01KT39RH9SCFEQRMZCEAVQZNMB,sweep_K5_q5_1780477935
5,candidate,False,False,01KT39RPP3GQ6BVC64VJ4F12RA,sweep_K5_q5_1780477935
5,candidate,False,False,01KT39S5FPWYE793P31NA8GPMK,sweep_K5_q5_1780477935
5,renderer,True,False,,sweep_K5_q5_1780477935
5,renderer,True,False,,sweep_K5_q5_1780477935
5,renderer,False,False,,sweep_K5_q5_1780477935
5,renderer,True,False,,sweep_K5_q5_1780477935
5,renderer,False,False,,sweep_K5_q5_1780477935
5,coj,True,False,,sweep_K5_q5_1780477935
5,coj,False,False,,sweep_K5_q5_1780477935
5,coj,False,False,,sweep_K5_q5_1780477935
5,structured,True,False,,sweep_K5_q5_1780477935
5,structured,False,False,,sweep_K5_q5_1780477935
5,structured,True,False,,sweep_K5_q5_1780477935
5,structured,False,False,,sweep_K5_q5_1780477935
5,renderer,True,False,,sweep_K5_q5_1780477935
5,renderer,True,False,,sweep_K5_q5_1780477935
5,renderer,False,False,,sweep_K5_q5_1780477935
5,base,False,False,,sweep_K5_q5_1780477935
5,base,False,False,,sweep_K5_q5_1780477935
5,base,False,False,,sweep_K5_q5_1780477935
5,meta,True,False,,sweep_K5_q5_1780477935
5,meta,False,False,,sweep_K5_q5_1780477935
5,meta,False,False,,sweep_K5_q5_1780477935
5,meta,False,False,,sweep_K5_q5_1780477935
5,meta,False,False,,sweep_K5_q5_1780477935
5,meta,True,False,,sweep_K5_q5_1780477935
5,meta,False,False,,sweep_K5_q5_1780477935
5,meta,True,False,,sweep_K5_q5_1780477935
5,meta,False,False,,sweep_K5_q5_1780477935
5,meta,False,False,,sweep_K5_q5_1780477935
5,candidate,False,False,01KT3AW1WVBAPQWZ8RNMNWASRT,sweep_K5_q5_1780477935
5,candidate,False,False,01KT3AW4SNXHY10N7MDWBJR4J3,sweep_K5_q5_1780477935
5,candidate,False,False,01KT39RH9SCFEQRMZCEAVQZNMB,sweep_K5_q5_1780477935
5,candidate,False,False,01KT39RPP3GQ6BVC64VJ4F12RA,sweep_K5_q5_1780477935
5,candidate,True,False,01KT39S5FPWYE793P31NA8GPMK,sweep_K5_q5_1780477935
5,renderer,True,False,,sweep_K5_q5_1780477935
5,renderer,False,False,,sweep_K5_q5_1780477935
5,renderer,True,False,,sweep_K5_q5_1780477935
5,renderer,False,False,,sweep_K5_q5_1780477935
5,renderer,False,False,,sweep_K5_q5_1780477935
5,coj,True,False,,sweep_K5_q5_1780477935
5,coj,True,False,,sweep_K5_q5_1780477935
5,coj,False,False,,sweep_K5_q5_1780477935
5,structured,True,False,,sweep_K5_q5_1780477935
5,structured,False,False,,sweep_K5_q5_1780477935
5,structured,False,False,,sweep_K5_q5_1780477935
5,structured,False,False,,sweep_K5_q5_1780477935
5,renderer,False,False,,sweep_K5_q5_1780477935
5,renderer,False,False,,sweep_K5_q5_1780477935
5,renderer,False,False,,sweep_K5_q5_1780477935
5,base,False,False,,sweep_K5_q5_1780477935
5,base,False,False,,sweep_K5_q5_1780477935
5,base,False,False,,sweep_K5_q5_1780477935
5,meta,False,False,,sweep_K5_q5_1780477935
5,meta,False,False,,sweep_K5_q5_1780477935
5,meta,False,False,,sweep_K5_q5_1780477935
5,meta,False,False,,sweep_K5_q5_1780477935
5,meta,False,False,,sweep_K5_q5_1780477935
5,meta,False,False,,sweep_K5_q5_1780477935
5,meta,False,False,,sweep_K5_q5_1780477935
5,meta,True,False,,sweep_K5_q5_1780477935
5,meta,False,False,,sweep_K5_q5_1780477935
5,meta,False,False,,sweep_K5_q5_1780477935
5,candidate,False,False,01KT3AW1WVBAPQWZ8RNMNWASRT,sweep_K5_q5_1780477935
5,candidate,False,False,01KT3AW4SNXHY10N7MDWBJR4J3,sweep_K5_q5_1780477935
5,candidate,False,False,01KT39RH9SCFEQRMZCEAVQZNMB,sweep_K5_q5_1780477935
5,candidate,False,False,01KT39RPP3GQ6BVC64VJ4F12RA,sweep_K5_q5_1780477935
5,candidate,True,False,01KT39S5FPWYE793P31NA8GPMK,sweep_K5_q5_1780477935
5,renderer,True,False,,sweep_K5_q5_1780477935
5,renderer,False,False,,sweep_K5_q5_1780477935
5,renderer,False,False,,sweep_K5_q5_1780477935
5,renderer,False,False,,sweep_K5_q5_1780477935
5,renderer,False,False,,sweep_K5_q5_1780477935
5,coj,False,False,,sweep_K5_q5_1780477935
5,coj,False,False,,sweep_K5_q5_1780477935
5,coj,False,False,,sweep_K5_q5_1780477935
5,structured,False,False,,sweep_K5_q5_1780477935
5,structured,False,False,,sweep_K5_q5_1780477935
5,structured,False,False,,sweep_K5_q5_1780477935
5,structured,False,False,,sweep_K5_q5_1780477935
5,renderer,False,False,,sweep_K5_q5_1780477935
5,renderer,False,False,,sweep_K5_q5_1780477935
5,renderer,False,False,,sweep_K5_q5_1780477935
5,base,False,False,,sweep_K5_q5_1780477935
5,base,False,False,,sweep_K5_q5_1780477935
5,base,False,False,,sweep_K5_q5_1780477935
5,meta,False,False,,sweep_K5_q5_1780477935
5,meta,False,False,,sweep_K5_q5_1780477935
5,meta,False,False,,sweep_K5_q5_1780477935
5,meta,False,False,,sweep_K5_q5_1780477935
5,meta,False,False,,sweep_K5_q5_1780477935
5,meta,False,False,,sweep_K5_q5_1780477935
5,meta,False,False,,sweep_K5_q5_1780477935
5,meta,False,False,,sweep_K5_q5_1780477935
5,meta,False,False,,sweep_K5_q5_1780477935
5,meta,False,False,,sweep_K5_q5_1780477935
5,candidate,True,False,01KT3AW1WVBAPQWZ8RNMNWASRT,sweep_K5_q5_1780477935
5,candidate,False,False,01KT3AW4SNXHY10N7MDWBJR4J3,sweep_K5_q5_1780477935
5,candidate,False,False,01KT39RH9SCFEQRMZCEAVQZNMB,sweep_K5_q5_1780477935
5,candidate,False,False,01KT39RPP3GQ6BVC64VJ4F12RA,sweep_K5_q5_1780477935
5,candidate,False,False,01KT39S5FPWYE793P31NA8GPMK,sweep_K5_q5_1780477935
5,renderer,True,False,,sweep_K5_q5_1780477935
5,renderer,False,False,,sweep_K5_q5_1780477935
5,renderer,False,False,,sweep_K5_q5_1780477935
5,renderer,False,False,,sweep_K5_q5_1780477935
5,renderer,False,False,,sweep_K5_q5_1780477935
5,coj,False,False,,sweep_K5_q5_1780477935
5,coj,False,False,,sweep_K5_q5_1780477935
5,coj,False,False,,sweep_K5_q5_1780477935
5,structured,False,False,,sweep_K5_q5_1780477935
5,structured,False,False,,sweep_K5_q5_1780477935
5,structured,False,False,,sweep_K5_q5_1780477935
5,structured,False,False,,sweep_K5_q5_1780477935
5,renderer,False,False,,sweep_K5_q5_1780477935
5,renderer,False,False,,sweep_K5_q5_1780477935
5,renderer,False,False,,sweep_K5_q5_1780477935
5,base,False,False,,sweep_K5_q5_1780477935
5,base,False,False,,sweep_K5_q5_1780477935
5,base,False,False,,sweep_K5_q5_1780477935
5,meta,False,False,,sweep_K5_q5_1780477935
5,meta,False,False,,sweep_K5_q5_1780477935
5,meta,False,False,,sweep_K5_q5_1780477935
5,meta,False,False,,sweep_K5_q5_1780477935
5,meta,False,False,,sweep_K5_q5_1780477935
5,meta,False,False,,sweep_K5_q5_1780477935
5,meta,False,False,,sweep_K5_q5_1780477935
5,meta,True,False,,sweep_K5_q5_1780477935
5,meta,False,False,,sweep_K5_q5_1780477935
5,meta,False,False,,sweep_K5_q5_1780477935
5,candidate,False,False,01KT3AW1WVBAPQWZ8RNMNWASRT,sweep_K5_q5_1780477935
5,candidate,False,False,01KT3AW4SNXHY10N7MDWBJR4J3,sweep_K5_q5_1780477935
20,candidate,True,False,01KT6YT9FXEJGTBEVN178B9C8D,abq_1781308343_q20
20,candidate,False,False,01KT76TFGWXC9J1RH325XY6EHB,abq_1781308343_q20
20,candidate,False,False,01KT76TMGWWFNAV6F39KMW8477,abq_1781308343_q20
20,candidate,False,False,01KT76TSM4MZFBH6D0EV36S5C5,abq_1781308343_q20
20,candidate,False,False,01KT76VBAGHNSJ0W3AZTP0XQZR,abq_1781308343_q20
20,candidate,False,False,01KT76VVRJPYNN84JKQ0HDRKW2,abq_1781308343_q20
20,candidate,False,False,01KT76VWSYD0SX2QEXPVGAR7BA,abq_1781308343_q20
20,candidate,False,False,01KT77MPSB1886PGA9Z4CFP1Z6,abq_1781308343_q20
20,candidate,False,False,01KT77NWS7VJNV4J78KVQZJKGC,abq_1781308343_q20
20,candidate,False,False,01KT77PFEJ95J7JNHVE1B7RCP8,abq_1781308343_q20
20,candidate,False,False,01KT77QFFG0WCZ4H7ZKHPP20F2,abq_1781308343_q20
20,candidate,False,False,01KT77RAZB5S2FZ6E4G3QG8CSX,abq_1781308343_q20
20,candidate,False,False,01KT77TVR9C20SZM48RAQ1C7Q9,abq_1781308343_q20
20,candidate,False,False,01KT77V1R0VYJ5GW5RKW27Q8YJ,abq_1781308343_q20
20,candidate,False,False,01KT77V2V6BV0D3C92X8TSH4RM,abq_1781308343_q20
20,candidate,True,False,01KT77VPF5F2V110KBPT9P01RD,abq_1781308343_q20
20,candidate,False,False,01KT77VY65FAEN22BF4CBH304F,abq_1781308343_q20
20,candidate,False,False,01KT77VZJDQCWNPHT65PVZP4F3,abq_1781308343_q20
20,candidate,False,False,01KT77W9MSKBEKSQM40WP6GYMJ,abq_1781308343_q20
20,candidate,False,False,01KT77WK817TTRB8HH23PHM41X,abq_1781308343_q20
20,candidate,False,False,01KT6YT9FXEJGTBEVN178B9C8D,abq_1781308343_q20
20,candidate,False,False,01KT76TFGWXC9J1RH325XY6EHB,abq_1781308343_q20
20,candidate,False,False,01KT76TMGWWFNAV6F39KMW8477,abq_1781308343_q20
20,candidate,False,False,01KT76TSM4MZFBH6D0EV36S5C5,abq_1781308343_q20
20,candidate,False,False,01KT76VBAGHNSJ0W3AZTP0XQZR,abq_1781308343_q20
20,candidate,False,False,01KT76VVRJPYNN84JKQ0HDRKW2,abq_1781308343_q20
20,candidate,False,False,01KT76VWSYD0SX2QEXPVGAR7BA,abq_1781308343_q20
20,candidate,False,False,01KT77MPSB1886PGA9Z4CFP1Z6,abq_1781308343_q20
20,candidate,True,False,01KT77NWS7VJNV4J78KVQZJKGC,abq_1781308343_q20
20,candidate,False,False,01KT77PFEJ95J7JNHVE1B7RCP8,abq_1781308343_q20
20,candidate,False,False,01KT77QFFG0WCZ4H7ZKHPP20F2,abq_1781308343_q20
20,candidate,False,False,01KT77RAZB5S2FZ6E4G3QG8CSX,abq_1781308343_q20
20,candidate,False,False,01KT77TVR9C20SZM48RAQ1C7Q9,abq_1781308343_q20
20,candidate,False,False,01KT77V1R0VYJ5GW5RKW27Q8YJ,abq_1781308343_q20
20,candidate,False,False,01KT77V2V6BV0D3C92X8TSH4RM,abq_1781308343_q20
20,candidate,False,False,01KT77VPF5F2V110KBPT9P01RD,abq_1781308343_q20
20,candidate,False,False,01KT77VY65FAEN22BF4CBH304F,abq_1781308343_q20
20,candidate,False,False,01KT77VZJDQCWNPHT65PVZP4F3,abq_1781308343_q20
20,candidate,False,False,01KT77W9MSKBEKSQM40WP6GYMJ,abq_1781308343_q20
20,candidate,False,False,01KT77WK817TTRB8HH23PHM41X,abq_1781308343_q20
20,candidate,False,False,01KT6YT9FXEJGTBEVN178B9C8D,abq_1781308343_q20
20,candidate,False,False,01KT76TFGWXC9J1RH325XY6EHB,abq_1781308343_q20
20,candidate,False,False,01KT76TMGWWFNAV6F39KMW8477,abq_1781308343_q20
20,candidate,False,False,01KT76TSM4MZFBH6D0EV36S5C5,abq_1781308343_q20
20,candidate,False,False,01KT76VBAGHNSJ0W3AZTP0XQZR,abq_1781308343_q20
20,candidate,True,False,01KT76VVRJPYNN84JKQ0HDRKW2,abq_1781308343_q20
20,candidate,False,False,01KT76VWSYD0SX2QEXPVGAR7BA,abq_1781308343_q20
20,candidate,True,False,01KT77MPSB1886PGA9Z4CFP1Z6,abq_1781308343_q20
20,candidate,True,False,01KT77NWS7VJNV4J78KVQZJKGC,abq_1781308343_q20
20,candidate,False,False,01KT77PFEJ95J7JNHVE1B7RCP8,abq_1781308343_q20
20,candidate,False,False,01KT77QFFG0WCZ4H7ZKHPP20F2,abq_1781308343_q20
20,candidate,False,False,01KT77RAZB5S2FZ6E4G3QG8CSX,abq_1781308343_q20
20,candidate,False,False,01KT77TVR9C20SZM48RAQ1C7Q9,abq_1781308343_q20
20,candidate,False,False,01KT77V1R0VYJ5GW5RKW27Q8YJ,abq_1781308343_q20
20,candidate,False,False,01KT77V2V6BV0D3C92X8TSH4RM,abq_1781308343_q20
20,candidate,False,False,01KT77VPF5F2V110KBPT9P01RD,abq_1781308343_q20
20,candidate,False,False,01KT77VY65FAEN22BF4CBH304F,abq_1781308343_q20
20,candidate,False,False,01KT77VZJDQCWNPHT65PVZP4F3,abq_1781308343_q20
20,candidate,True,False,01KT77W9MSKBEKSQM40WP6GYMJ,abq_1781308343_q20
20,candidate,False,False,01KT77WK817TTRB8HH23PHM41X,abq_1781308343_q20
20,candidate,False,False,01KT6YT9FXEJGTBEVN178B9C8D,abq_1781308343_q20
20,candidate,False,False,01KT76TFGWXC9J1RH325XY6EHB,abq_1781308343_q20
20,candidate,False,False,01KT76TMGWWFNAV6F39KMW8477,abq_1781308343_q20
20,candidate,False,False,01KT76TSM4MZFBH6D0EV36S5C5,abq_1781308343_q20
20,candidate,False,False,01KT76VBAGHNSJ0W3AZTP0XQZR,abq_1781308343_q20
20,candidate,False,False,01KT76VVRJPYNN84JKQ0HDRKW2,abq_1781308343_q20
20,candidate,False,False,01KT76VWSYD0SX2QEXPVGAR7BA,abq_1781308343_q20
20,candidate,False,False,01KT77MPSB1886PGA9Z4CFP1Z6,abq_1781308343_q20
20,candidate,False,False,01KT77NWS7VJNV4J78KVQZJKGC,abq_1781308343_q20
20,candidate,False,False,01KT77PFEJ95J7JNHVE1B7RCP8,abq_1781308343_q20
20,candidate,False,False,01KT77QFFG0WCZ4H7ZKHPP20F2,abq_1781308343_q20
20,candidate,False,False,01KT77RAZB5S2FZ6E4G3QG8CSX,abq_1781308343_q20
20,candidate,False,False,01KT77TVR9C20SZM48RAQ1C7Q9,abq_1781308343_q20
20,candidate,False,False,01KT77V1R0VYJ5GW5RKW27Q8YJ,abq_1781308343_q20
20,candidate,False,False,01KT77V2V6BV0D3C92X8TSH4RM,abq_1781308343_q20
20,candidate,False,False,01KT77VPF5F2V110KBPT9P01RD,abq_1781308343_q20
20,candidate,False,False,01KT77VY65FAEN22BF4CBH304F,abq_1781308343_q20
20,candidate,False,False,01KT77VZJDQCWNPHT65PVZP4F3,abq_1781308343_q20
20,candidate,False,False,01KT77W9MSKBEKSQM40WP6GYMJ,abq_1781308343_q20
20,candidate,False,False,01KT77WK817TTRB8HH23PHM41X,abq_1781308343_q20
20,candidate,False,False,01KT6YT9FXEJGTBEVN178B9C8D,abq_1781308343_q20
20,candidate,False,False,01KT76TFGWXC9J1RH325XY6EHB,abq_1781308343_q20
20,candidate,False,False,01KT76TMGWWFNAV6F39KMW8477,abq_1781308343_q20
20,candidate,False,False,01KT76TSM4MZFBH6D0EV36S5C5,abq_1781308343_q20
20,candidate,False,False,01KT76VBAGHNSJ0W3AZTP0XQZR,abq_1781308343_q20
20,candidate,False,False,01KT76VVRJPYNN84JKQ0HDRKW2,abq_1781308343_q20
20,candidate,False,False,01KT76VWSYD0SX2QEXPVGAR7BA,abq_1781308343_q20
20,candidate,False,False,01KT77MPSB1886PGA9Z4CFP1Z6,abq_1781308343_q20
20,candidate,False,False,01KT77NWS7VJNV4J78KVQZJKGC,abq_1781308343_q20
20,candidate,False,False,01KT77PFEJ95J7JNHVE1B7RCP8,abq_1781308343_q20
20,candidate,True,False,01KT77QFFG0WCZ4H7ZKHPP20F2,abq_1781308343_q20
20,candidate,False,False,01KT77RAZB5S2FZ6E4G3QG8CSX,abq_1781308343_q20
20,candidate,False,False,01KT77TVR9C20SZM48RAQ1C7Q9,abq_1781308343_q20
20,candidate,False,False,01KT77V1R0VYJ5GW5RKW27Q8YJ,abq_1781308343_q20
20,candidate,False,False,01KT77V2V6BV0D3C92X8TSH4RM,abq_1781308343_q20
20,candidate,False,False,01KT77VPF5F2V110KBPT9P01RD,abq_1781308343_q20
20,candidate,False,False,01KT77VY65FAEN22BF4CBH304F,abq_1781308343_q20
20,candidate,True,False,01KT77VZJDQCWNPHT65PVZP4F3,abq_1781308343_q20
20,candidate,False,False,01KT77W9MSKBEKSQM40WP6GYMJ,abq_1781308343_q20
20,candidate,False,False,01KT77WK817TTRB8HH23PHM41X,abq_1781308343_q20
